listing_id,name,neighborhood,current_price,recommended_price,price_change,pct_change,accommodates,bedrooms,number_of_reviews
23376196,Modern Townhouse Apartment in Brooklyn,Bedford-Stuyvesant,145.0,142.48,-2.52,-1.74,3,1.0,155
42504616,The Lux Lex • Vibe 8635,Upper East Side,161.0,135.68,-25.32,-15.73,2,0.0,24
42925669,Amazing UES 1 Bed w/ Laundry and Doorman #6132,Upper East Side,190.0,167.07,-22.93,-12.07,3,1.0,6
1028210591958989521,Crown Heights BK Apt 2bdrm 4fl Train,Crown Heights,229.0,305.83,76.83,33.55,4,2.0,64
728898265855426177,Cozy Contemporary 2 Bedroom Apartment,Crown Heights,247.0,210.0,-37.0,-14.98,3,1.0,43
53752252,Lovely 1-bedroom in Brooklyn,Williamsburg,197.0,179.99,-17.01,-8.63,2,1.0,8
859664945143080328,Zen in City,Bushwick,164.0,183.9,19.9,12.14,2,1.0,138
41108306,Stylish 1-Bedroom Apt w/ Large Office in Bushwick,Bushwick,115.0,138.85,23.85,20.74,3,1.0,12
53623779,Cozy and private studio at UES.,Upper East Side,160.0,180.39,20.39,12.75,2,1.0,25
43928714,UES Studio next to Mount Sinai & Cornell Hospitals,Upper East Side,114.0,106.46,-7.54,-6.61,3,0.0,7
54262883,Elegant Upper East Side 2 Bedroom Apartment,Upper East Side,192.0,247.19,55.19,28.75,4,2.0,15
1029145949717644011,Penthouse Waterfront Studio with Top Skyline Views,Williamsburg,185.0,183.0,-2.0,-1.08,2,1.0,7
9324841,Large artist one bedroom in Williamsburg!,Williamsburg,305.0,174.16,-130.84,-42.9,2,1.0,10
550845920087869266,Lovely 1Bd Apartment in the Heart of Brooklyn,Crown Heights,90.0,157.78,67.78,75.31,1,1.0,10
1065123350709282894,Hot Bushwick Location – Art Studio w/ Roof Terrace,Bushwick,159.0,273.73,114.73,72.16,2,1.0,138
48942624,★ NEWLY RENOVATED STUDIO IN PRIME LOCATION - UES ★,Upper East Side,174.0,179.25,5.25,3.02,3,0.0,24
38437629,The Garden Apartment - Private 2-bedroom in BKLYN,Bedford-Stuyvesant,206.0,176.36,-29.64,-14.39,5,2.0,115
53756457,Lovely 1 bedroom space in Brooklyn,Bedford-Stuyvesant,150.0,140.1,-9.9,-6.6,2,1.0,46
13642568,Lux & Spacious Apt - Prime Williamsburg,Williamsburg,203.0,165.9,-37.1,-18.28,2,0.0,31
36804299,Brooklyn artist loft - bright & spacious!,Bedford-Stuyvesant,500.0,305.8,-194.2,-38.84,5,2.0,25
1131804,Immaculate 2BR luxury townhouse 15mins to Midtown,Harlem,143.0,186.79,43.79,30.62,3,2.0,29
49016783,Lovely 2-bedroom NYC rental unit with bathtub,Bedford-Stuyvesant,210.0,186.94,-23.06,-10.98,5,2.0,9
12542544,Near Times Square,Hell's Kitchen,126.0,229.5,103.5,82.14,4,1.0,238
5944801,Brownstone Duplex Harlem/Columbia U,Harlem,308.0,274.84,-33.16,-10.77,6,2.0,68
727832613571928027,"Gorgeous Bed-Stuy duplex, 3bd + roof deck garden",Bedford-Stuyvesant,200.0,371.85,171.85,85.92,8,3.0,94
6424961,"Skylighted Floor, All Yours, 23 Mins to Manhattan",Bedford-Stuyvesant,101.0,163.39,62.39,61.77,2,2.0,12
53949650,Gorgeous 1-bedroom in Bushwick,Bushwick,110.0,144.26,34.26,31.15,2,1.0,23
973926823669823710,HAR-RTE Garden Apartment,Astoria,221.0,174.14,-46.86,-21.2,4,1.0,11
51283129,Large Sunny Artist Loft with Balcony,Bedford-Stuyvesant,315.0,220.22,-94.78,-30.09,3,1.0,20
11940117,1BR Bright & Spacious in West Harlem,Harlem,148.0,173.72,25.72,17.38,4,1.0,62
5362041,Columbia U/Harlem Townhouse Duplex,Harlem,215.0,262.87,47.87,22.26,5,2.0,122
52826514,Colorful Industrial Loft in Bed Stuy (30+ Days),Bedford-Stuyvesant,225.0,192.29,-32.71,-14.54,2,1.0,25
847276083866577520,Sleeps 7|Close to LGA|Times Sq in 25 min,Harlem,358.0,352.14,-5.86,-1.64,7,3.0,81
771790426347751108,2 bedroom apt in brownstone with office,Crown Heights,112.0,168.56,56.56,50.5,4,2.0,38
8322478,Designers brownstone in Bed-Stuy,Bedford-Stuyvesant,155.0,131.45,-23.55,-15.2,3,2.0,334
898904640609152150,Colorful Bushwick Two Bedroom,Bushwick,108.0,171.77,63.77,59.04,5,2.0,35
30236202,BEST Bushwick Lower Level Apt 15 mins to Manhattan,Bushwick,69.0,143.8,74.8,108.4,5,2.0,148
37798666,ThomBoy Retreats/Feels like home! Close to all!,Crown Heights,85.0,122.2,37.2,43.77,2,1.0,5
1102934542095541409,Cozy apartment in heart of residential Astoria,Astoria,150.0,195.2,45.2,30.13,4,1.0,65
30104723,Cozy apt with washer dryer  in trendy Williamsburg,Williamsburg,171.0,190.46,19.46,11.38,2,1.0,34
3987599,"Great 3 Bdrm- Internships, Students",Bushwick,93.0,154.23,61.23,65.84,5,3.0,25
729567707956628031,"Newly renovated, cozy Bedstuy apt with backyard",Bedford-Stuyvesant,175.0,157.69,-17.31,-9.89,2,1.0,8
1617443,Great Artistic Studio in Historic Building,Harlem,65.0,108.25,43.25,66.54,2,1.0,37
6921831,Home Sweet Harlem,Harlem,198.0,158.09,-39.91,-20.16,4,1.0,17
52756284,Chic 1 Bedroom in Bed Stuy,Bedford-Stuyvesant,92.0,121.81,29.81,32.41,2,1.0,62
3760029,Charming studio for rent in Astoria,Astoria,150.0,176.97,26.97,17.98,2,1.0,165
862664998185425084,NYC City view 3Bedroom 5 beds king bed NYC ferry,Astoria,206.0,351.85,145.85,70.8,6,3.0,18
4614838,"2 Bedroom, 1 Bath Hell's Kitchen",Hell's Kitchen,272.0,197.7,-74.3,-27.32,6,2.0,5
24206044,1 bed-Convent Ave.  Near CCNY Sleeps 4,Harlem,225.0,129.38,-95.62,-42.5,4,1.0,26
6005868,"Sunny, Spacious & Sweet 2BD home!",Williamsburg,170.0,245.43,75.43,44.37,5,2.0,46
46449888,3 BED 2 BATH Pre-War Williamsburg Brooklyn APT,Williamsburg,250.0,314.59,64.59,25.84,5,3.0,6
578592072056483887,*PRIME Bedford Ave * Peaceful & Chic +private yard,Williamsburg,237.0,313.0,76.0,32.07,2,1.0,7
1103754701199991999,2bedroom in Hell's Kitchen,Hell's Kitchen,628.0,393.36,-234.64,-37.36,5,2.0,60
21383288,Cozy & Modern Brooklyn Getaway,Crown Heights,99.0,135.74,36.74,37.12,2,1.0,49
40376349,Renovated flat in the Heart of Williamsburg BK!,Williamsburg,191.0,252.2,61.2,32.04,2,2.0,203
940156629413345648,Spotless Oasis| Balcony|Broadway Show|Times Square,Hell's Kitchen,365.0,456.5,91.5,25.07,4,1.0,59
7202368,Chic Studio Apartment in Bed Stuy,Bedford-Stuyvesant,126.0,116.15,-9.85,-7.82,2,1.0,240
47472308,Comfy private parlor apartment,Bedford-Stuyvesant,68.0,154.72,86.72,127.53,3,1.0,43
49702148,"4bdr 1 bath apartment, Hudson Yards, 63F",Hell's Kitchen,1000.0,666.07,-333.93,-33.39,6,4.0,52
766992440128844738,"Bright, Airy , Luxe Hideaway”w” (Private) Backyard",Bedford-Stuyvesant,253.0,161.12,-91.88,-36.32,2,1.0,51
719593216551653075,Brodie's Place,Bedford-Stuyvesant,190.0,169.19,-20.81,-10.95,4,1.0,15
1145649837286129108,Very Private Guest Suite in Williamsburg Townhome,Williamsburg,390.0,400.92,10.92,2.8,5,2.0,42
613606685400763792,Bright & Spacious 3-Bedroom in Vibrant Bushwick!,Bushwick,145.0,139.81,-5.19,-3.58,4,3.0,18
1071097470129706565,Bed-Stuy Penthouse: Private Roof & Skyline View,Bedford-Stuyvesant,198.0,269.78,71.78,36.25,3,2.0,7
17857431,Pacific by Rove Travel | Duplex w/Deck & Backyard,Crown Heights,764.0,395.46,-368.54,-48.24,4,2.0,20
52977888,Amazing Studio Doorman Washer Dryer Elevator (27),Hell's Kitchen,124.0,146.95,22.95,18.51,2,0.0,10
16409634,*BRAND NEW*4 BED DUPLX W PVT BCKYARD 15 MIN 2 CITY,Bedford-Stuyvesant,259.0,358.52,99.52,38.42,10,4.0,53
1147037716231719858,Guest Suite in Brooklyn Townhouse,Crown Heights,112.0,206.45,94.45,84.33,2,1.0,69
850338,Authentic Luxury Designed Loft,Williamsburg,160.0,204.02,44.02,27.51,6,1.0,275
1090713696580310351,Brooklyn Crown Heights: Cozy Private Home,Crown Heights,511.0,478.31,-32.69,-6.4,8,4.0,38
26043558,Serene Garden floor-through apartment,Bedford-Stuyvesant,277.0,244.38,-32.62,-11.78,2,1.0,61
46791082,Times Square Studio near Restaurants & Shopping,Hell's Kitchen,260.0,406.38,146.38,56.3,2,0.0,262
656061093200134683,Lovely Williamsburg apartment with amazing terrace,Williamsburg,152.0,222.91,70.91,46.65,2,1.0,21
1250872395822100404,Comfy Clean 2BR 1BA Home- 15 mins to Times Square!,Astoria,270.0,291.78,21.78,8.07,4,2.0,6
25458237,Bed+bath+kitchen+garden+own entry. JUST RENOVATED!,Crown Heights,200.0,167.61,-32.39,-16.2,2,1.0,33
960170192680619491,NYC Spacious Studio Legal Daily Rental,Harlem,252.0,250.9,-1.1,-0.44,2,1.0,18
53606895,WARM ARTIST APARTMENT in the heart of Williamsburg,Williamsburg,388.0,259.88,-128.12,-33.02,5,2.0,6
8327773,"Gorgeous Brooklyn Brownstone Flat, Great Location!",Bedford-Stuyvesant,219.0,242.9,23.9,10.91,2,1.0,421
749276,2 Bdrm Great Bushwick apartment #1,Bushwick,175.0,187.07,12.07,6.89,6,2.0,124
45860553,The Pacific Studio in Brooklyn (King Size Bed),Crown Heights,98.0,88.69,-9.31,-9.5,2,0.0,115
54364623,Romantic and sunny 2-bedrooms rental unit Brooklyn,Bedford-Stuyvesant,210.0,183.04,-26.96,-12.84,4,2.0,89
25940097,Summer NYC Brownstone,Harlem,800.0,545.98,-254.02,-31.75,8,5.0,28
1669149,Beautiful Modern Midtown Apartment,Hell's Kitchen,250.0,270.75,20.75,8.3,3,1.0,90
157673,Large  Loft Style  Studio  Space,Bedford-Stuyvesant,69.0,159.41,90.41,131.03,4,1.0,90
1984486,Comfortable Brown Stone apartment,Crown Heights,145.0,111.34,-33.66,-23.22,3,1.0,59
53909238,Duplex Apt. in a Brownstone/Morningside Heights,Harlem,189.0,500.45,311.45,164.79,6,3.0,99
879312129620796285,High Living 2bd Hudson View Apt (Brand New),Hell's Kitchen,850.0,781.26,-68.74,-8.09,5,2.0,10
793966927729526052,Modern Bushwick 2BR Apt Ground Level: Legal Airbnb,Bushwick,395.0,169.52,-225.48,-57.08,4,2.0,10
22705822,Cozy home  in Central Harlem,Harlem,169.0,144.83,-24.17,-14.3,2,1.0,18
1154275281756359908,2 bedroom Luxury BK Brownstone w/ Bar & Balcony!,Bedford-Stuyvesant,307.0,243.42,-63.58,-20.71,8,2.0,39
862392240139597676,New XL 1Bed Room suit in Brooklyn,Crown Heights,112.0,133.02,21.02,18.77,2,1.0,11
11452204,521 West 48-Studio Near Times Square,Hell's Kitchen,125.0,128.28,3.28,2.63,3,0.0,20
43686536,Fantastic! NYC Bright and spacious private-balcony,Astoria,210.0,178.13,-31.87,-15.17,4,1.0,189
10034817,521 West 48-Two bedroom apartment in Midtown West,Hell's Kitchen,180.0,208.99,28.99,16.1,4,2.0,6
675489669821327713,"Upper Pink side mins Frm LGA,Time Square,CU,UCNY",Harlem,263.0,189.68,-73.32,-27.88,5,1.0,8
53587623,Stylish-Modern apartment in the heart of NYC,Hell's Kitchen,224.0,204.66,-19.34,-8.64,2,1.0,87
24992835,"**FULL FLOOR - 3 BEDRMS, Times Sq/Restaurant Row**",Hell's Kitchen,217.0,430.39,213.39,98.33,6,3.0,119
19862301,Few mins to Metro/Entire apartment,Crown Heights,120.0,143.3,23.3,19.42,4,2.0,57
622289283359247413,New Gorgeous Studio on the Upper East Side,Upper East Side,153.0,230.21,77.21,50.46,3,0.0,5
578841345143129136,McCarren Park 1-Bedroom,Williamsburg,237.0,197.11,-39.89,-16.83,4,1.0,13
42584450,Homey Upper East Side studio - E94 (30 days MIN),Upper East Side,117.0,126.47,9.47,8.09,3,0.0,9
52871655,Gorgeous 1 BR apartment in UES- W/ Laundry (32),Upper East Side,143.0,142.87,-0.13,-0.09,4,1.0,9
13130313,521 West 48-Studio in Midtown West,Hell's Kitchen,125.0,126.25,1.25,1.0,3,0.0,15
32400196,Entire apartment in townhouse,Harlem,90.0,185.49,95.49,106.1,4,2.0,24
47050312,Cute Studio: 5 minutes walk to Times Square,Hell's Kitchen,357.0,361.98,4.98,1.4,2,0.0,236
53542590,"Beautiful, Stylish Brooklyn Brownstone Duplex",Bedford-Stuyvesant,400.0,186.33,-213.67,-53.42,3,2.0,10
27731269,"Bed-Stuy Life-Sun lite, Garden view",Bedford-Stuyvesant,192.0,202.22,10.22,5.33,2,1.0,205
32858018,Brooklyn charming studio apartment!,Bedford-Stuyvesant,235.0,230.57,-4.43,-1.89,2,0.0,284
45448589,Garden condo w patio in New York artistic Bushwick,Bushwick,159.0,154.81,-4.19,-2.64,2,1.0,13
21034242,5-Star 1Bed 1Bath Luxury Apt | Gym | Rooftop,Hell's Kitchen,274.0,277.17,3.17,1.16,2,1.0,68
1001533760739742081,Private Cozy Bohemian,Crown Heights,160.0,283.48,123.48,77.18,2,1.0,155
694024141571245527,"Stunning Luxury High-Rise, Midtown West Gem",Hell's Kitchen,200.0,335.19,135.19,67.6,2,1.0,16
50775933,"1 OF A KIND.  Lux, bright midcentury style 1BR",Bedford-Stuyvesant,214.0,171.98,-42.02,-19.64,2,1.0,16
832812818088713674,Modern Apt with 2 private terraces for 360 views,Williamsburg,145.0,355.84,210.84,145.41,2,1.0,23
14882046,Harlem Comfort and Style,Harlem,145.0,145.25,0.25,0.17,2,1.0,40
990723330952862828,beautiful 4 bedrooms near subway,Crown Heights,300.0,460.57,160.57,53.52,10,4.0,53
1221117399927746294,Massive Townhouse/Heart of Brooklyn w Arcade games,Bedford-Stuyvesant,955.0,624.74,-330.26,-34.58,16,4.0,31
1591811,Sunlit apartment in Williamsburg,Williamsburg,100.0,147.26,47.26,47.26,2,1.0,240
761811422193396844,"Beautiful, sunny, spacious, safe",Williamsburg,352.0,143.76,-208.24,-59.16,2,1.0,11
546689834460719148,Apartment in Astoria 2 stops to Manhattan,Astoria,90.0,155.76,65.76,73.06,2,1.0,13
808624705090281349,One Bedroom Apt - Williamsburg!,Williamsburg,134.0,185.03,51.03,38.08,3,1.0,29
49964381,Charming Williamsburg Studio with Beautiful Views,Williamsburg,250.0,152.36,-97.64,-39.06,2,1.0,14
20122197,521 West 48-Studio In Midtown West,Hell's Kitchen,159.0,109.05,-49.95,-31.41,3,0.0,6
1921859,Adorable 1BD Home with view of NYC,Astoria,169.0,190.53,21.53,12.74,4,1.0,70
834259639960441445,Lavishly styled 2 bedroom High-Rise Apartment,Hell's Kitchen,999.0,582.55,-416.45,-41.69,7,2.0,12
53666929,Brooklyn king bedrooms apt,Bedford-Stuyvesant,180.0,166.63,-13.37,-7.43,4,2.0,111
829050984090492960,The Boho Coze Studio,Williamsburg,112.0,180.7,68.7,61.34,1,1.0,35
18874640,Stunning 2 Bedroom Apartment,Upper East Side,149.0,150.55,1.55,1.04,2,1.0,7
1090617582725521721,"Chic Duplex 1BD Near Central Park, Upper East Side",Upper East Side,171.0,201.63,30.63,17.91,3,1.0,5
898032158839073557,Duplex,Crown Heights,325.0,504.64,179.64,55.27,6,1.0,25
1053905812534942894,NYC Gem,Crown Heights,207.0,313.66,106.66,51.53,5,1.0,81
1319569215899340385,NYC Spacious 3BR • LGA/ JFK • 15 Mins To City,Astoria,349.0,405.15,56.15,16.09,10,3.0,41
5627090,Beautiful Top Unit w/ City Views in Williamsburg,Williamsburg,205.0,258.15,53.15,25.93,6,2.0,9
9445342,Times Sq brand huge new 2 room!!!!,Hell's Kitchen,135.0,229.97,94.97,70.35,2,1.0,12
617276903379514004,"Large, clean and cozy 1 bedroom",Crown Heights,121.0,146.98,25.98,21.47,3,1.0,40
12037401,165 East 89-Studio Upper East Side,Upper East Side,120.0,133.44,13.44,11.2,2,0.0,17
14529806,Designer Studio in the Heart of Harlem,Harlem,126.0,141.32,15.32,12.16,2,0.0,116
930648551063213028,The Bedford Lofts | Sunny | Laundry | Domino Park,Williamsburg,316.0,467.45,151.45,47.93,4,2.0,5
12431649,521 West 48th-1 bed Apt Near to Time Square,Hell's Kitchen,175.0,172.9,-2.1,-1.2,4,1.0,8
16201959,"Brooklyn Designer Duplex, 2BR/2.5BA, Outdoor Space",Bedford-Stuyvesant,288.0,403.48,115.48,40.1,4,2.0,235
1386311821293444010,Stylish 3BR in Heart of Crown Heights Near Subway,Crown Heights,274.0,329.37,55.37,20.21,6,3.0,8
1308822069323762943,Cozy 2BR | Manhattan | 20 min to Times Square,Harlem,284.0,339.23,55.23,19.45,6,2.0,11
27291497,3BR/2.5BTH Modern Brownstone Duplex w Terrace,Bedford-Stuyvesant,361.0,343.82,-17.18,-4.76,6,3.0,105
33853465,Gorgeous Sun filled Brooklyn Loft,Bushwick,212.0,121.88,-90.12,-42.51,1,1.0,13
668072542591926094,Sunny & Lovely 2 Bedroom Duplex Loft In Brooklyn,Crown Heights,142.0,158.88,16.88,11.89,6,2.0,22
48996609,Comfy and cozy Bedstuy home away from home,Bedford-Stuyvesant,70.0,152.38,82.38,117.69,4,3.0,72
12009651,Pet Friendly - Corporate Manhattan Apartment,Harlem,116.0,125.43,9.43,8.13,3,1.0,17
982833752250568153,Luxury Urban Bed-Stuy Loft,Bedford-Stuyvesant,263.0,274.94,11.94,4.54,2,2.0,52
43230953,Beautiful 1 Bedroom in a Private Townhouse,Harlem,99.0,139.97,40.97,41.38,2,1.0,15
624399238774557651,"Huge, sunny, renovated & artsy - WFH ready!",Harlem,126.0,153.23,27.23,21.61,2,1.0,17
1062478810779287031,Tiny Shared Bath Private Studio Times Square #417,Hell's Kitchen,61.0,61.7,0.7,1.15,1,0.0,7
5353312,Fabulous studio UES 30 days min,Upper East Side,117.0,137.18,20.18,17.25,3,0.0,28
53636623,Lovely spacious duplex two bedroom apartment.,Crown Heights,115.0,137.02,22.02,19.15,4,2.0,80
1126967841699237411,Tiny Private Bath Private Studio Times Square #506,Hell's Kitchen,64.0,68.85,4.85,7.59,1,0.0,10
9289159,4 bedroom duplex.,Harlem,563.0,508.48,-54.52,-9.68,6,4.0,111
987767833411348082,Williamsburg Garden Getaway,Williamsburg,285.0,296.89,11.89,4.17,2,1.0,17
30477526,Cozy Getaway in Harlem,Harlem,135.0,120.09,-14.91,-11.04,2,0.0,24
51040846,Absolutely Stunning Williamsburg Penthouse,Williamsburg,199.0,215.04,16.04,8.06,2,1.0,9
208889,Welcome to Brooklyn! Bed-Stuy,Bedford-Stuyvesant,89.0,170.77,81.77,91.88,4,2.0,67
17339881,Brownstone Studio,Bedford-Stuyvesant,128.0,146.83,18.83,14.71,4,0.0,264
707736,Brand New 2-Level 2-Bedroom Condo,Harlem,270.0,258.76,-11.24,-4.16,4,2.0,11
14933521,Legal Uptown 1BR in Cultural Hot-Spot! #10344,Harlem,109.0,129.0,20.0,18.35,2,1.0,104
21311240,Amazing Location! Apartment in South Williamsburg,Williamsburg,200.0,306.29,106.29,53.14,5,2.0,127
41352166,Bed-Stuy Retreat,Bedford-Stuyvesant,248.0,313.0,65.0,26.21,6,2.0,66
33653706,75-3C Duplex 3BR W/D in the unit,Upper East Side,415.0,372.56,-42.44,-10.23,6,3.0,15
817955264395137862,Beautiful New Home in Brooklyn,Crown Heights,271.0,377.29,106.29,39.22,12,5.0,25
8192789,Spacious Private Parlor Suite in Heart of Harlem,Harlem,200.0,174.28,-25.72,-12.86,2,1.0,19
44631766,Cozy UES studio near  Mount Sinai (30 days MIN),Upper East Side,117.0,113.78,-3.22,-2.75,2,0.0,14
745051425164634863,Bainbridge by Rove Duplex with Deck & Backyard,Bedford-Stuyvesant,290.0,311.56,21.56,7.43,4,2.0,7
1137093,Triplex Penthouse in New York,Williamsburg,342.0,447.04,105.04,30.71,6,2.0,45
53435650,BROOKLYN DREAM ART STUDIO,Bedford-Stuyvesant,88.0,132.34,44.34,50.39,2,1.0,72
1178425983423625001,Bliss House • Fifth Ave • Parisian 2-Bed • No2A,Upper East Side,550.0,403.4,-146.6,-26.65,4,2.0,5
21203987,Luxury Loft+Private Parking,Bedford-Stuyvesant,115.0,204.37,89.37,77.71,4,0.0,162
47048969,Walk to Time Square! Cozy Studio,Hell's Kitchen,241.0,309.04,68.04,28.23,2,0.0,216
8793166,"Cool, cozy urban pad",Bedford-Stuyvesant,79.0,121.46,42.46,53.74,2,1.0,209
555073510443058547,"3 Bedroom Spacious, Bright, Comfy & Fine Decor",Crown Heights,197.0,223.87,26.87,13.64,6,3.0,8
20772650,Comfortable and fully equipped studio apartment,Upper East Side,115.0,128.68,13.68,11.89,2,0.0,9
31340666,Exclusive 1 bedroom apartment by time square nyc,Hell's Kitchen,110.0,214.03,104.03,94.57,2,1.0,17
46161668,Great Place In Stuyvesant Heights,Bedford-Stuyvesant,100.0,149.17,49.17,49.17,3,1.0,41
776250907335139310,Gramercy style meets modern,Bedford-Stuyvesant,163.0,149.21,-13.79,-8.46,4,1.0,23
30584992,One Bedroom Apartment in Williamsburg,Williamsburg,208.0,174.39,-33.61,-16.16,2,1.0,51
1645181,Lovely Brownstone-- Close to Subway,Bedford-Stuyvesant,175.0,181.83,6.83,3.9,4,1.0,211
721091038846734506,Salisbury II by RoveTravel | 4BR Apt in Lenox Hill,Upper East Side,469.0,484.04,15.04,3.21,8,4.0,5
884182701924143689,"Modern BK home unit 1, 30Days+",Crown Heights,124.0,169.55,45.55,36.74,6,3.0,16
46715472,Exlusive & NEW Luxury apart renovated in UES,Upper East Side,395.0,293.48,-101.52,-25.7,3,1.0,17
25313204,Charming Apartment in Brooklyn,Bedford-Stuyvesant,87.0,172.1,85.1,97.81,6,2.0,179
15723889,"Charming, Quiet Lenox Hill Studio By Transportatio",Upper East Side,150.0,146.68,-3.32,-2.21,2,1.0,6
928358388994326377,Quaint Cozy NY Studio Apartment Legal Daily Rental,Harlem,262.0,274.23,12.23,4.67,2,0.0,34
550905294962321318,Double room with private entrance and bathroom,Bedford-Stuyvesant,65.0,128.4,63.4,97.53,2,1.0,17
12985547,Wonderful 2 Bedroom Apartment,Upper East Side,145.0,192.27,47.27,32.6,2,1.0,10
616106207872645681,Gotham House III by RoveTravel | Lux 4BR PH w/Roof,Hell's Kitchen,912.0,640.04,-271.96,-29.82,9,4.0,6
589800275607656944,Spend your month in a classic Brooklyn Brownstone,Crown Heights,727.0,556.37,-170.63,-23.47,6,3.0,8
2974479,Williamsburg Condo w/ Backyard,Williamsburg,220.0,419.42,199.42,90.65,4,2.0,15
18586873,Stylish 1BR Near Times Square & 9th Ave Dining,Hell's Kitchen,104.0,255.16,151.16,145.34,4,1.0,75
53512507,"Subway at Door – Quiet, Bright & New Williamsburg",Williamsburg,186.0,175.46,-10.54,-5.67,2,1.0,37
45472312,165 East 89-Spacious Studio in Upper East side,Upper East Side,125.0,191.1,66.1,52.88,3,0.0,11
25328184,Bedstuy Stay! Peaceful Two Bed Garden Apartment.,Bedford-Stuyvesant,190.0,153.15,-36.85,-19.39,4,2.0,153
20017121,Spacious 2 bedroom apartment,Bedford-Stuyvesant,150.0,206.97,56.97,37.98,3,2.0,151
46335178,165 East 89-Studio Apartment in Upper East Side,Upper East Side,120.0,115.25,-4.75,-3.96,3,0.0,7
648775559661516156,Spacious Duplex Apt in New York,Crown Heights,416.0,330.63,-85.37,-20.52,6,2.0,69
249704,"Sunny, Modern 1 BR in E. Williamsburg",Williamsburg,185.0,179.77,-5.23,-2.83,2,1.0,29
754967751881719122,Central Harlem Luxury Retreat,Harlem,113.0,227.62,114.62,101.43,6,2.0,33
32450788,Artistic Modern Sanctuary  --  Spacious & Private,Bushwick,111.0,140.88,29.88,26.92,3,2.0,37
650494137473244378,Cozy Corner Rental,Bedford-Stuyvesant,136.0,199.42,63.42,46.63,4,3.0,28
46393855,Spacious Bushwick 3BR (15 Minutes to Manhattan!),Bushwick,133.0,199.0,66.0,49.63,6,3.0,15
1876511,"Quiet apartment, private backyard, king size bed.",Williamsburg,207.0,199.4,-7.6,-3.67,2,1.0,13
31705298,Harlem Hideaway w/ private yard - long term OK,Harlem,214.0,178.88,-35.12,-16.41,4,2.0,55
2754179,Fabulous Apt w/ Gorgeous Bathroom!,Upper East Side,125.0,166.54,41.54,33.23,2,1.0,16
4260964,"Charming, private 1BR garden apt",Harlem,200.0,172.84,-27.16,-13.58,2,1.0,93
45086065,165 East 89-Furnished Studio,Upper East Side,120.0,121.77,1.77,1.47,3,0.0,15
812649282770207903,Fabulous 4 Bdrm Duplex with a Backyard,Bedford-Stuyvesant,444.0,380.58,-63.42,-14.28,12,4.0,30
51796945,"Spacious, Sunlit Limestone 1 br",Bedford-Stuyvesant,201.0,159.99,-41.01,-20.4,4,1.0,107
653607125944399593,"Bushwick 2 Bedroom Apartment, 15 Minutes to NYC!",Bushwick,123.0,155.97,32.97,26.8,4,2.0,17
613528,Cozy Studio Apt in Historic Brownstone,Harlem,125.0,219.73,94.73,75.78,2,1.0,334
15360687,Hip Art Gallery Vibe in Bedstuy!,Bedford-Stuyvesant,185.0,163.5,-21.5,-11.62,2,1.0,122
1377055711330157216,Chic Studio in the Heart of Brooklyn,Bedford-Stuyvesant,192.0,207.59,15.59,8.12,2,0.0,23
38617814,2BR garden apt Brooklyn brownstone 20mn Manhattan,Bedford-Stuyvesant,195.0,147.33,-47.67,-24.45,4,2.0,78
1156741059474885318,Great Space Near Subway,Crown Heights,252.0,372.46,120.46,47.8,6,3.0,41
49132815,165 East 89-Studio in Upper East Side,Upper East Side,125.0,132.63,7.63,6.1,3,0.0,14
49771515,"4bdr Apartment, Hudson Yards, 53E",Hell's Kitchen,1000.0,657.73,-342.27,-34.23,6,4.0,50
639540429317887373,Stylish 2 bedrooms rental unit,Harlem,238.0,150.44,-87.56,-36.79,4,2.0,12
729745044802488456,Lovely 2 bedroom rental unit in Brooklyn,Crown Heights,143.0,170.86,27.86,19.48,4,2.0,9
890865451922227760,Casa Barclays,Crown Heights,788.0,517.47,-270.53,-34.33,10,4.0,48
638044371366059533,Luxury 1BR | Skyline | In-unit Laundry | Workspace,Hell's Kitchen,292.0,321.29,29.29,10.03,1,1.0,13
31333074,Miltons place,Harlem,141.0,176.73,35.73,25.34,4,0.0,206
4822181,Amazing large 2BR in the UES  (MIN 30 DAYS),Upper East Side,177.0,249.0,72.0,40.68,5,2.0,15
18872610,One-Bedroom Apartment in Hamilton Heights,Harlem,120.0,125.73,5.73,4.77,2,1.0,29
14214403,"Whole floor apartment Security, Patio, Close to L",Bushwick,282.0,167.74,-114.26,-40.52,5,2.0,200
48767648,Beautiful Upper East Side studio (30 days MIN),Upper East Side,123.0,157.4,34.4,27.97,3,0.0,8
37633552,Harlem Gem,Harlem,375.0,293.95,-81.05,-21.61,4,2.0,69
1285887172744396690,Modern Industrial Cozy NYC Loft,Astoria,275.0,471.58,196.58,71.48,2,1.0,5
4880542,Stunning Outdoor Space & Garden in Williamsburg,Williamsburg,324.0,263.9,-60.1,-18.55,3,1.0,42
9111254,Bright & Spacious One Bedroom in Crown Heights,Crown Heights,70.0,147.29,77.29,110.41,4,1.0,8
797894095534905728,"Huge Creative Duplex Loft| Williamsburg 3,000Sq/Ft",Williamsburg,815.0,667.2,-147.8,-18.13,10,2.0,22
873701,"Chic, quiet 1BR with patio (steps from the subway)",Crown Heights,103.0,165.2,62.2,60.39,4,1.0,210
692137,Stunning 3BR loft in Williamsburg!!!,Williamsburg,600.0,622.43,22.43,3.74,6,3.0,82
1019429690426278080,Carriage House,Bedford-Stuyvesant,182.0,188.28,6.28,3.45,6,2.0,64
12359146,Spacious Place in Brooklyn New York,Bedford-Stuyvesant,150.0,225.01,75.01,50.0,6,4.0,41
23027784,Charming UES Studio | Historic Brownstone,Upper East Side,146.0,216.5,70.5,48.29,2,0.0,11
42927825,Cypress Court II | 1BR Harlem Apt,Harlem,297.0,190.24,-106.76,-35.95,3,1.0,19
6356070,Ocean Hill - Beautiful 3 Bedroom,Bedford-Stuyvesant,141.0,203.97,62.97,44.66,6,3.0,86
773885,Designer's Art-Circus-Theater Loft,Bedford-Stuyvesant,158.0,198.4,40.4,25.57,4,2.0,61
46262041,433 West 53-Studio in Midtown West,Hell's Kitchen,125.0,130.09,5.09,4.07,2,0.0,8
52838667,Luxury Hotspot in Williamsburg - Best Location!,Williamsburg,175.0,203.91,28.91,16.52,2,0.0,6
4431674,HOME AWAY FROM HOME,Harlem,180.0,168.19,-11.81,-6.56,2,1.0,39
847648,"Charming Apt in Historic Sugar Hill, Harlem",Harlem,108.0,123.88,15.88,14.71,2,1.0,14
5649163,Sun drenched 1 bed minutes from subway,Bedford-Stuyvesant,218.0,164.97,-53.03,-24.32,2,1.0,17
2659448,Bedstuy Apartment for Rent,Bedford-Stuyvesant,105.0,114.73,9.73,9.26,2,1.0,61
45727008,Private Garden Oasis in heart of Trendy Bushwick,Bushwick,213.0,213.38,0.38,0.18,4,2.0,6
49256890,Recently Updated One Bedroom East Side Walk-Up,Upper East Side,197.0,165.37,-31.63,-16.06,2,1.0,61
618708161953854098,Lovely 3-Bedroom entire apartment.,Bushwick,211.0,192.11,-18.89,-8.95,4,3.0,11
1002938301240121368,Brooklyn central,Crown Heights,209.0,313.52,104.52,50.01,6,1.0,84
37060440,New 3BR 2Full Bath Apartment With Dryer & Washer,Crown Heights,242.0,372.58,130.58,53.96,8,3.0,55
47448046,626 10th Avenue-Studio in Midtown West,Hell's Kitchen,140.0,124.17,-15.83,-11.3,2,0.0,9
837677241873217389,2BR/2BA Bed-Stuy great location,Bedford-Stuyvesant,250.0,196.56,-53.44,-21.37,6,2.0,32
42502510,New York City Comfort.,Bedford-Stuyvesant,100.0,130.24,30.24,30.24,2,1.0,22
46638688,Sunny Studio | Desirable E88 Street | Work & Study,Upper East Side,131.0,184.31,53.31,40.69,2,0.0,9
23841481,"Duplex, One Of A Kind, in Heart of Williamsburg",Williamsburg,642.0,592.05,-49.95,-7.78,6,2.0,10
593539645856888063,"Clean, Cozy & Stylish 2-Bedroom walkup rental unit",Harlem,325.0,202.63,-122.37,-37.65,4,2.0,19
303264,FABULOUS & LARGE 2 BEDROOM IN NYC!,Harlem,283.0,291.61,8.61,3.04,10,2.0,9
1029776177395261809,Modern Comforts: Central & Cozy.,Hell's Kitchen,386.0,313.33,-72.67,-18.83,4,1.0,43
43667745,Rosemary - 3 BDRM,Bedford-Stuyvesant,210.0,401.14,191.14,91.02,4,3.0,151
762108355757780127,Luxury 4 bedroom w/ Backyard near Barclay Center,Crown Heights,298.0,461.06,163.06,54.72,9,4.0,28
784122,New Renovation:Manhattan Charm....Brooklyn Flavor!,Bedford-Stuyvesant,189.0,162.15,-26.85,-14.21,4,2.0,94
1125454204459203690,Spacious rooms in a town house,Harlem,189.0,283.1,94.1,49.79,6,1.0,32
1094010528655760689,"Spacious duplex in BK, 20 min from city",Bushwick,374.0,563.64,189.64,50.71,10,4.0,88
786986645361368404,1br - Williamsburg - next to “L” train,Williamsburg,420.0,185.89,-234.11,-55.74,3,1.0,26
602952577502027312,Spacious Williamsburg Loft Bedroom w. Roof Terrace,Williamsburg,196.0,195.18,-0.82,-0.42,2,2.0,12
1034749271994349012,Riverside by Rove Travel | 7BR Modern Townhouse,Harlem,579.0,625.34,46.34,8.0,14,7.0,41
42038631,2 Bed + 2 Bath with City Views & Onsite Gym,Hell's Kitchen,204.0,416.84,212.84,104.33,4,2.0,6
741224200594669992,1597-PHS New 1BR/2bath PH Duplex W/D Outdoor Deck,Upper East Side,259.0,245.08,-13.92,-5.37,3,1.0,8
162508,Beautiful Brooklyn Oasis,Crown Heights,122.0,129.01,7.01,5.75,2,1.0,31
838321552121170735,Charming 2 bed Brooklyn Brownstone,Bedford-Stuyvesant,203.0,147.27,-55.73,-27.45,4,2.0,28
36198348,Mint Condition Crown Heights Studio with Amenities,Crown Heights,84.0,110.54,26.54,31.59,2,0.0,44
23489726,Bushwick Awesome Apartment,Bedford-Stuyvesant,80.0,123.84,43.84,54.8,8,1.0,10
52804286,Lovely 2 bedrooms apt  unit with  hot jet tub,Bushwick,352.0,285.96,-66.04,-18.76,4,2.0,39
44477235,Good Vibes Only: Massive 2 Bedroom Artsy Apartment,Bedford-Stuyvesant,342.0,219.78,-122.22,-35.74,5,2.0,12
850994914110684147,Sunny Modern Loft in Prime Williamsburg+Elevator,Williamsburg,200.0,206.69,6.69,3.35,2,1.0,25
768962003786730102,Trendy 2 Bedroom Brooklyn Apt. Close to Manhattan,Bedford-Stuyvesant,218.0,183.98,-34.02,-15.6,5,2.0,10
794387732348122664,Dreamy Treetop 2 Bedroom,Bedford-Stuyvesant,210.0,163.6,-46.4,-22.09,2,2.0,10
18599352,521 West 48-Studio in Midtown West,Hell's Kitchen,125.0,135.68,10.68,8.55,3,0.0,16
800130194293808699,The Perfect Brooklyn Haven,Bushwick,252.0,225.34,-26.66,-10.58,2,1.0,111
302309,PLUSH AND SPACIOUS 2-BEDROOM IN NYC,Harlem,300.0,283.34,-16.66,-5.55,9,2.0,7
10569037,165 East 89-Studio in Upper East Side,Upper East Side,127.0,119.99,-7.01,-5.52,2,0.0,16
2847932,Super Value Designer's Own Condo3 Bedrm 2 Bath,Upper East Side,350.0,311.63,-38.37,-10.96,7,3.0,5
22448487,Renovated 1 bedroom in Bedstuy Brooklyn brownstone,Bedford-Stuyvesant,135.0,123.22,-11.78,-8.73,2,1.0,27
12409217,521 West 48-Studio Near Times Square,Hell's Kitchen,125.0,111.79,-13.21,-10.57,3,0.0,9
1139399302559935460,Luxurious 5-Bedroom Haven in the Heart of Brooklyn,Crown Heights,599.0,600.7,1.7,0.28,10,5.0,59
548618432625308411,Beautifully Designed 2-Bed in Bed-Stuy,Bedford-Stuyvesant,110.0,160.61,50.61,46.0,3,2.0,16
25909161,New York Oasis - ENTIRE PLACE,Upper East Side,113.0,178.73,65.73,58.17,2,1.0,37
648002347981302350,Sterling's Comfort,Crown Heights,171.0,153.64,-17.36,-10.15,4,2.0,31
12007175,521 West 48th- Bright Studio Near to Time Square,Hell's Kitchen,130.0,115.36,-14.64,-11.26,3,0.0,11
45176673,433 West 53-Furnished Studio in Midtown West,Hell's Kitchen,140.0,103.33,-36.67,-26.19,2,0.0,6
23810398,Bedstuy High Ceilin’ Haven 50 steps to the Train,Bedford-Stuyvesant,99.0,152.81,53.81,54.35,2,1.0,58
20714171,Midtown West New 2 BR,Hell's Kitchen,171.0,353.46,182.46,106.7,2,2.0,74
46797479,Chic Urban Retreat: Duplex with Private Roof Deck,Upper East Side,136.0,199.71,63.71,46.84,4,1.0,10
48137872,Bohemian Garden Loft,Williamsburg,950.0,314.93,-635.07,-66.85,7,3.0,25
3585452,A Beautiful Brownstone Apartment,Harlem,99.0,129.98,30.98,31.29,4,0.0,359
42584572,"The Brooklyn Loft, 30 minutes from Manhattan",Crown Heights,489.0,398.32,-90.68,-18.54,11,4.0,227
52112035,Modern Lovely 2 bedroom 10 min away from Park,Crown Heights,164.0,193.21,29.21,17.81,4,2.0,7
980617449810787175,Luxury 3BR Duplex w Private Patio in Upper East,Upper East Side,903.0,810.13,-92.87,-10.28,8,3.0,61
1155719449518235785,Charming Central Brooklyn Brownstone,Crown Heights,656.0,464.82,-191.18,-29.14,11,3.0,38
589857043016769966,Disco Den: Modern Luxury 1 Bed,Williamsburg,373.0,187.8,-185.2,-49.65,2,1.0,18
627553930119405271,LUXURY 2-BEDROOM IN CROWN HEIGHTS - Front Entrance,Crown Heights,271.0,216.69,-54.31,-20.04,6,2.0,9
823403018504800609,Cozy Bed-Stuy Cottage,Bedford-Stuyvesant,130.0,150.86,20.86,16.05,3,1.0,27
581804203112075143,Modern 2BR apartment W/D Elevator & Doorman (40),Hell's Kitchen,172.0,186.62,14.62,8.5,4,2.0,10
593999597558147807,Cityscape,Harlem,252.0,341.45,89.45,35.5,5,2.0,36
1089912037059935747,Cozy & Conveniently Located XL Studio Apartment,Hell's Kitchen,93.0,153.71,60.71,65.28,2,0.0,6
17106014,"Times Square, Huge  1 bedroom Loft Apartment",Hell's Kitchen,150.0,310.49,160.49,106.99,2,1.0,113
39878798,Stylish 2 BR on the Upper East Side,Upper East Side,167.0,152.59,-14.41,-8.63,4,2.0,8
834733705556228356,Hideaway Spot,Crown Heights,121.0,135.25,14.25,11.78,2,1.0,11
1688914,Strivers Row Sanctuary in Harlem - Monthly,Harlem,116.0,132.47,16.47,14.2,3,1.0,136
866518628279065718,UES Spacious 2BR (30 days MIN),Upper East Side,155.0,159.03,4.03,2.6,4,2.0,6
654206843986971609,THE LOFT,Williamsburg,230.0,287.07,57.07,24.82,4,1.0,8
1010398417049773773,One bedroom close to CentralPark,Hell's Kitchen,108.0,177.62,69.62,64.46,2,1.0,12
44749327,"Chic, Bohemian 3BD/2BA + Roof deck in Williamsburg",Williamsburg,911.0,425.78,-485.22,-53.26,9,3.0,43
11511431,Historic Upper West Side Townhouse 1 or 2 Bdrms,Harlem,135.0,151.64,16.64,12.32,4,2.0,252
601684518197356654,Beautiful and Spacious 2 Bed / 2 Bath Apartment,Hell's Kitchen,309.0,384.59,75.59,24.46,4,2.0,12
655655590735199413,"3BR w/dishwasher, WD, elevator near Central Park W",Harlem,235.0,229.78,-5.22,-2.22,6,3.0,7
3851911,extemely sunny pre-war flat,Bedford-Stuyvesant,152.0,227.18,75.18,49.46,4,0.0,158
1018280359573876973,Cozy and chic UES 1 Bed,Upper East Side,383.0,240.59,-142.41,-37.18,3,1.0,56
1063136773468377411,Sun-Lit 2-Bed 1-Bath w Wash/Dry,Bedford-Stuyvesant,145.0,174.96,29.96,20.66,4,2.0,6
949400303873290231,Bliss House • Fifth Ave • Grand 2-Bed • No4A,Upper East Side,450.0,366.46,-83.54,-18.56,4,2.0,6
10101097,Beautiful house in the heart of Williamsburg,Williamsburg,569.0,633.86,64.86,11.4,8,3.0,148
51955482,COTTAGE FEEL GROUND FLOOR STUDIO,Harlem,151.0,185.33,34.33,22.73,3,0.0,55
6780285,Williamsburg townhouse on a park w/ pvt parking,Williamsburg,431.0,451.32,20.32,4.72,8,4.0,8
675551897308849367,Cozy Studio in the Upper East Side,Upper East Side,149.0,213.43,64.43,43.24,2,1.0,8
828616,Brooklyn Livin',Crown Heights,92.0,123.19,31.19,33.9,2,1.0,9
1117350487164620171,Perfect Williamsburg One-Bedroom,Williamsburg,190.0,173.29,-16.71,-8.8,2,1.0,5
1116986059041927579,Stylish One Bedroom in Midtown West,Hell's Kitchen,539.0,502.06,-36.94,-6.85,2,0.0,25
545653384677866355,Fully Furnished 2BR in the UES (30 DAYS MIN),Upper East Side,155.0,155.25,0.25,0.16,4,2.0,9
1117020499230853825,Luxury 1 bdrm in Midtown-Hells Kitchen,Hell's Kitchen,420.0,596.14,176.14,41.94,2,2.0,7
14139553,Cute Studio Steps from Central Park: UES Retreat,Upper East Side,157.0,163.42,6.42,4.09,2,0.0,35
641355980552957352,Modern Brooklyn Townhouse – Ground Floor,Crown Heights,130.0,161.45,31.45,24.19,3,1.0,44
25543393,A Muse Inn,Williamsburg,242.0,168.62,-73.38,-30.32,4,3.0,73
44004162,Harlem Apt on the Park,Harlem,119.0,289.34,170.34,143.14,4,2.0,120
41151871,Sunlit Bedstuy Charm,Bedford-Stuyvesant,210.0,206.12,-3.88,-1.85,2,1.0,132
763948654655084485,Trendy Urban Retreat,Crown Heights,166.0,230.3,64.3,38.74,4,2.0,10
1253045441873124439,Beautiful Cozy Central,Astoria,299.0,250.19,-48.81,-16.32,4,2.0,49
28610383,Gracious townhouse living in Hamilton Heights,Harlem,240.0,286.42,46.42,19.34,5,2.0,16
28838673,Luxury Brownstone living in the heart of Brooklyn,Bedford-Stuyvesant,391.0,321.54,-69.46,-17.76,5,2.0,227
12223866,Melissa And Ray's Oasis,Bedford-Stuyvesant,97.0,155.92,58.92,60.75,3,1.0,92
750101014637158472,Spacious Sunlit 1 BR in Heart of Williamsburg,Williamsburg,157.0,210.91,53.91,34.34,2,1.0,13
807957188943197036,Relaxed & Modern Stay in Bushwick Brooklyn,Bushwick,229.0,328.2,99.2,43.32,4,2.0,100
871075934437189983,Brooklyn Retreat for Groups | Sleeps 10,Bushwick,285.0,578.63,293.63,103.03,10,4.0,97
15506009,LARGE 1BR Apt 25 Mins to Manhattan,Crown Heights,241.0,226.31,-14.69,-6.09,6,2.0,6
34127215,Beautiful Williamsburg Townhouse 4 bed / 2.5 bath,Williamsburg,860.0,484.59,-375.41,-43.65,6,4.0,31
18303895,Beautiful brownstone just north of Central Park.,Harlem,106.0,159.38,53.38,50.36,2,0.0,168
33334476,Williamsburg Townhouse/1800ft²/Backyard  Garden,Williamsburg,395.0,612.76,217.76,55.13,8,4.0,160
25294851,"Quirky, Cozy 1 Bedroom Garden level Apt.",Bushwick,82.0,120.41,38.41,46.84,2,1.0,54
50778696,521 West 48th-2 bedroom 1 bathroom in Midtown West,Hell's Kitchen,165.0,205.4,40.4,24.48,4,2.0,6
6704737,LOVELY GARDEN UNIT WITH PATIO,Harlem,174.0,176.73,2.73,1.57,4,0.0,81
45752068,Newly renovated 2BR in the UES (30 DAYS MIN),Upper East Side,243.0,233.88,-9.12,-3.75,5,2.0,7
5663222,Stylish Private Studio In NYC,Harlem,117.0,138.48,21.48,18.36,2,1.0,382
649174647761073124,Lovely Spacious studio in upper Manhattan,Harlem,135.0,111.37,-23.63,-17.5,2,0.0,6
1189445665503919899,Designers apartment on the Upper East Side,Upper East Side,230.0,268.11,38.11,16.57,1,1.0,16
21230082,ALL new modern apartment of 2 bedroom NYC style!❤️,Upper East Side,459.0,417.96,-41.04,-8.94,6,2.0,466
1000691832643780415,Cozy Pre-War Harlem Studio Apartment,Harlem,197.0,188.75,-8.25,-4.19,2,1.0,94
21769638,Bohemian chic Brooklyn floor thru,Bedford-Stuyvesant,151.0,166.0,15.0,9.93,3,2.0,103
45192635,Historic Harlem Duplex with Heritage Charm,Harlem,250.0,297.89,47.89,19.16,4,2.0,5
21501622,Quaint Retreat live like a local 2,Bedford-Stuyvesant,170.0,136.83,-33.17,-19.51,2,1.0,114
838222335282904975,New York City Finest with Big Backyard,Bedford-Stuyvesant,110.0,147.64,37.64,34.21,4,1.0,12
34230593,Stunning Work from Home Gem with Peloton bike,Upper East Side,203.0,168.82,-34.18,-16.84,2,1.0,39
50154380,Beautiful Brownstone 1BR Apt in Bedstuy-Brooklyn,Bedford-Stuyvesant,206.0,207.66,1.66,0.81,3,1.0,219
850517,3 Bedroom Duplex/ 2 Baths and 2 LR,Bushwick,199.0,206.61,7.61,3.83,8,3.0,54
18359018,165 East 89-Studio,Upper East Side,120.0,120.87,0.87,0.73,3,0.0,15
6505927,"Clean, Charming & Spacious-Bedford Stuyvesant",Bedford-Stuyvesant,168.0,213.17,45.17,26.89,2,2.0,126
541725,Designer’s loft best W’burg / entire loft,Williamsburg,308.0,184.73,-123.27,-40.02,2,1.0,44
582678773466303522,Beautiful apartment in BK with Laundry machine,Bushwick,99.0,102.76,3.76,3.79,1,1.0,11
13674349,The Lefferts Manor Starting $129 per night,Bedford-Stuyvesant,177.0,169.74,-7.26,-4.1,2,1.0,102
41895103,Modern 2 BR on the Upper East Side (Min 30 Days),Upper East Side,143.0,153.83,10.83,7.57,4,2.0,7
10611168,521 West 48-Studio Near Time Square,Hell's Kitchen,130.0,124.99,-5.01,-3.85,3,0.0,14
652172745279262844,The Midtown - An Artist's Retreat,Hell's Kitchen,302.0,254.54,-47.46,-15.72,4,2.0,73
820498236955797984,Light and spacious apartment in Williamsburg,Williamsburg,124.0,174.25,50.25,40.52,3,1.0,6
13154343,Spacious Modern Alcove Studio in a Luxury Building,Hell's Kitchen,250.0,268.29,18.29,7.31,2,1.0,56
14028018,521 West 48-Gorgeous studio Near Time Square,Hell's Kitchen,130.0,124.99,-5.01,-3.85,3,0.0,14
42536123,Bright one Bedroom with European Flair,Bedford-Stuyvesant,105.0,156.67,51.67,49.21,2,1.0,10
39839813,"Clean, pretty, private South Williamsburg Studio",Williamsburg,215.0,186.56,-28.44,-13.23,2,1.0,91
23728057,Luxurious Brooklyn Getaway - Two Bedroom Apartment,Crown Heights,140.0,155.29,15.29,10.92,8,2.0,153
20761404,521 West 48-Cozy Studio,Hell's Kitchen,130.0,121.17,-8.83,-6.8,2,0.0,14
52670276,Spacious Brooklyn apartment with terrace,Crown Heights,220.0,258.03,38.03,17.29,2,1.0,5
652209616641745176,Cozy Private Studio Apartment (2 min to subway),Bedford-Stuyvesant,159.0,124.47,-34.53,-21.72,2,0.0,48
657441930493975647,"3BR NYC Creative Loft @ Williamsburg, Brooklyn",Williamsburg,164.0,235.95,71.95,43.87,6,3.0,8
1326122680700710452,Micro Studio – Walk to Time Square,Hell's Kitchen,198.0,319.28,121.28,61.25,2,0.0,22
902141236113014829,Shared Modern 2 bedroom Brooklyn Apartment,Crown Heights,214.0,198.02,-15.98,-7.47,4,1.0,48
54263436,Peaceful 2BR Retreat on Upper East Side,Upper East Side,211.0,180.78,-30.22,-14.32,3,2.0,15
20720290,The Lux Lex III • Vibe 8606,Upper East Side,162.0,181.73,19.73,12.18,2,1.0,24
3848105,Spacious & Stylish 2BR Apt in Bedstuy,Bedford-Stuyvesant,170.0,172.56,2.56,1.5,4,2.0,23
